# fusion-nav replay log - synthetic, see examples/replay.rs
#
# One row per measurement, sorted by time. Blank cells are not applicable.
#   imu       v0..v2 gyro rad/s          v3..v5 accel m/s^2
#   gnss_pos  v0..v2 NED position m      var0..var2 m^2
#   gnss_vel  v0..v2 NED velocity m/s    var0..var2 m^2/s^2
#   baro      v0     altitude m (up)     var0      m^2
#   mag       v0..v2 field, calibrated   var0      heading rad^2
#
# Timeline: stationary to 2.0 s; aided to 6.0 s; GNSS drops out at 6.0 s;
# baro and mag drop out at 8.5 s. The magnetometer only appears at 3.5 s,
# so the initialization window has none and yaw starts unobserved.
t_s,source,v0,v1,v2,v3,v4,v5,var0,var1,var2
0.0000,imu,0,0.002,0,0,0.03,-9.80665,,,
0.0200,imu,0.000436459,0.00198043,5.9964e-05,0.00537089,0.0298501,-9.80665,,,
0.0400,imu,0.000851879,0.00192211,0.000119712,0.0105682,0.029402,-9.80665,,,
0.0600,imu,0.00122623,0.00182618,0.00017903,0.0154241,0.0286601,-9.80665,,,
0.0800,imu,0.00154148,0.00169451,0.000237703,0.0197815,0.0276318,-9.80665,,,
0.1000,imu,0.00178241,0.00152968,0.00029552,0.0234998,0.0263275,-9.80665,,,
0.1200,imu,0.00193743,0.00133493,0.000352274,0.0264587,0.0247601,-9.80665,,,
0.1400,imu,0.00199905,0.00111405,0.00040776,0.0285627,0.0229453,-9.80665,,,
0.1600,imu,0.00196431,0.000871365,0.000461779,0.0297438,0.0209012,-9.80665,,,
0.1800,imu,0.00183488,0.000611634,0.000514136,0.0299637,0.0186483,-9.80665,,,
0.2000,imu,0.00161699,0.000339934,0.000564642,0.0292154,0.0162091,-9.80665,,,
0.2200,imu,0.00132116,6.15829e-05,0.000613117,0.0275231,0.0136079,-9.80665,,,
0.2400,imu,0.000961645,-0.000217974,0.000659385,0.0249415,0.0108707,-9.80665,,,
0.2600,imu,0.000555772,-0.000493265,0.000703279,0.0215539,0.00802496,-9.80665,,,
0.2800,imu,0.000123107,-0.000758904,0.000744643,0.0174699,0.00509901,-9.80665,,,
0.3000,imu,-0.000315491,-0.00100969,0.000783327,0.0128214,0.00212212,-9.80665,,,
0.3200,imu,-0.000738882,-0.00124072,0.000819192,0.00775858,-0.000875986,-9.80665,,,
0.3400,imu,-0.00112665,-0.00144748,0.000852108,0.00244506,-0.00386533,-9.80665,,,
0.3600,imu,-0.00146012,-0.0016259,0.000881958,-0.00294746,-0.00681606,-9.80665,,,
0.3800,imu,-0.00172319,-0.00177252,0.000908633,-0.00824474,-0.00969869,-9.80665,,,
0.4000,imu,-0.0019032,-0.00188444,0.000932039,-0.0132756,-0.0124844,-9.80665,,,
0.4200,imu,-0.00199147,-0.0019595,0.00095209,-0.0178775,-0.0151454,-9.80665,,,
0.4400,imu,-0.00198374,-0.00199621,0.000968715,-0.0219018,-0.017655,-9.80665,,,
0.4600,imu,-0.00188038,-0.00199386,0.000981854,-0.0252183,-0.0199883,-9.80665,,,
0.4800,imu,-0.00168638,-0.00195249,0.000991458,-0.0277199,-0.0221218,-9.80665,,,
0.5000,imu,-0.00141108,-0.00187291,0.000997495,-0.0293259,-0.0240343,-9.80665,,,
0.5200,imu,-0.00106776,-0.00175669,0.000999942,-0.0299843,-0.0257067,-9.80665,,,
0.5400,imu,-0.000672977,-0.00160609,0.00099879,-0.0296738,-0.0271222,-9.80665,,,
0.5600,imu,-0.000245748,-0.00142407,0.000994043,-0.0284044,-0.0282667,-9.80665,,,
0.5800,imu,0.000193327,-0.00121417,0.000985719,-0.0262172,-0.0291287,-9.80665,,,
0.6000,imu,0.000623083,-0.000980522,0.000973848,-0.0231829,-0.0296998,-9.80665,,,
0.6200,imu,0.0010228,-0.000727683,0.000958471,-0.0193995,-0.0299741,-9.80665,,,
0.6400,imu,0.00137322,-0.000460606,0.000939645,-0.0149893,-0.0299488,-9.80665,,,
0.6600,imu,0.00165744,-0.000184515,0.000917438,-0.0100947,-0.0296244,-9.80665,,,
0.6800,imu,0.00186176,9.51861e-05,0.000891929,-0.00487386,-0.0290039,-9.80665,,,
0.7000,imu,0.00197634,0.000373025,0.000863209,0.000504417,-0.0280937,-9.80665,,,
0.7200,imu,0.00199564,0.000643564,0.000831383,0.0058664,-0.0269028,-9.80665,,,
0.7400,imu,0.00191875,0.00090151,0.000796565,0.0110388,-0.025443,-9.80665,,,
0.7600,imu,0.00174936,0.00114182,0.000758881,0.0158545,-0.023729,-9.80665,,,
0.7800,imu,0.00149565,0.00135978,0.000718465,0.020158,-0.021778,-9.80665,,,
0.8000,imu,0.00116983,0.00155113,0.000675463,0.02381,-0.0196093,-9.80665,,,
0.8200,imu,0.000787629,0.00171213,0.000630031,0.0266927,-0.0172447,-9.80665,,,
0.8400,imu,0.000367457,0.00183963,0.000582331,0.0287129,-0.0147078,-9.80665,,,
0.8600,imu,-7.04295e-05,0.00193113,0.000532535,0.0298053,-0.012024,-9.80665,,,
0.8800,imu,-0.000504921,0.00198484,0.000480823,0.0299346,-0.00921999,-9.80665,,,
0.9000,imu,-0.000915072,0.00199972,0.00042738,0.0290967,-0.00632387,-9.80665,,,
0.9200,imu,-0.00128111,0.00197546,0.000372399,0.0273186,-0.00336458,-9.80665,,,
0.9400,imu,-0.0015854,0.00191255,0.000316078,0.0246577,-0.00037166,-9.80665,,,
0.9600,imu,-0.00181326,0.00181221,0.000258619,0.0212,0.00262497,-9.80665,,,
0.9800,imu,-0.00195371,0.00167641,0.00020023,0.0170574,0.00559537,-9.80665,,,
1.0000,imu,-0.00199998,0.0015078,0.00014112,0.0123636,0.00850987,-9.80665,,,
1.0200,imu,-0.00194984,0.0013097,8.15022e-05,0.00727023,0.0113393,-9.80665,,,
1.0400,imu,-0.00180572,0.00108596,2.1591e-05,0.00194198,0.0140555,-9.80665,,,
1.0600,imu,-0.00157454,0.000840973,-3.83979e-05,-0.00344902,0.0166312,-9.80665,,,
1.0800,imu,-0.00126747,0.000579531,-9.82486e-05,-0.00872857,0.0190408,-9.80665,,,
1.1000,imu,-0.000899295,0.000306748,-0.000157746,-0.0137261,0.0212601,-9.80665,,,
1.1200,imu,-0.000487772,2.79624e-05,-0.000216675,-0.0182801,0.023267,-9.80665,,,
1.1400,imu,-5.27351e-05,-0.00025137,-0.000274825,-0.0222434,0.0250414,-9.80665,,,
1.1600,imu,0.000384843,-0.000525784,-0.000331985,-0.0254879,0.0265656,-9.80665,,,
1.1800,imu,0.000803871,-0.000789909,-0.000387951,-0.0279089,0.0278244,-9.80665,,,
1.2000,imu,0.00118415,-0.00103858,-0.00044252,-0.0294281,0.0288051,-9.80665,,,
1.2200,imu,0.00150734,-0.00126692,-0.000495497,-0.0299964,0.0294981,-9.80665,,,
1.2400,imu,0.00175787,-0.00147048,-0.000546691,-0.0295954,0.0298963,-9.80665,,,
1.2600,imu,0.00192367,-0.00164526,-0.000595917,-0.0282381,0.0299958,-9.80665,,,
1.2800,imu,0.00199673,-0.00178784,-0.000642999,-0.0259683,0.0297955,-9.80665,,,
1.3000,imu,0.00197354,-0.00189544,-0.000687766,-0.0228595,0.0292976,-9.80665,,,
1.3200,imu,0.00185522,-0.00196595,-0.000730058,-0.019012,0.028507,-9.80665,,,
1.3400,imu,0.00164747,-0.001998,-0.000769723,-0.0145502,0.0274315,-9.80665,,,
1.3600,imu,0.00136029,-0.00199094,-0.000806618,-0.00961822,0.0260819,-9.80665,,,
1.3800,imu,0.00100755,-0.00194493,-0.000840609,-0.00437546,0.0244718,-9.80665,,,
1.4000,imu,0.000606237,-0.00186085,-0.000871576,0.00100869,0.0226171,-9.80665,,,
1.4200,imu,0.0001757,-0.00174037,-0.000899405,0.00636025,0.0205364,-9.80665,,,
1.4400,imu,-0.000263307,-0.00158583,-0.000923998,0.0115063,0.0182505,-9.80665,,,
1.4600,imu,-0.000689621,-0.00140025,-0.000945266,0.0162805,0.0157823,-9.80665,,,
1.4800,imu,-0.00108269,-0.00118728,-0.000963131,0.0205287,0.0131564,-9.80665,,,
1.5000,imu,-0.00142357,-0.000951074,-0.00097753,0.0241135,0.0103991,-9.80665,,,
1.5200,imu,-0.00169583,-0.000696258,-0.000988411,0.0269192,0.0075378,-9.80665,,,
1.5400,imu,-0.00188634,-0.000427817,-0.000995735,0.028855,0.00460122,-9.80665,,,
1.5600,imu,-0.00198591,-0.000151005,-0.000999476,0.0298585,0.00161866,-9.80665,,,
1.5800,imu,-0.00198976,0.000128762,-0.000999619,0.0298971,-0.00138006,-9.80665,,,
1.6000,imu,-0.00189769,0.00040601,-0.000996165,0.0289697,-0.004365,-9.80665,,,
1.6200,imu,-0.00171414,0.000675312,-0.000989125,0.0271062,-0.00730632,-9.80665,,,
1.6400,imu,-0.00144796,0.0009314,-0.000978526,0.0243669,-0.0101746,-9.80665,,,
1.6600,imu,-0.00111198,0.00116926,-0.000964405,0.0208401,-0.0129413,-9.80665,,,
1.6800,imu,-0.000722403,0.00138425,-0.000946814,0.01664,-0.0155787,-9.80665,,,
1.7000,imu,-0.000297998,0.00157214,-0.000925815,0.0119022,-0.0180604,-9.80665,,,
1.7200,imu,0.000140772,0.00172927,-0.000901484,0.00677982,-0.0203616,-9.80665,,,
1.7400,imu,0.000572755,0.00185257,-0.000873908,0.00143835,-0.0224594,-9.80665,,,
1.7600,imu,0.00097713,0.00193961,-0.000843188,-0.0039496,-0.0243328,-9.80665,,,
1.7800,imu,0.0013344,0.0019887,-0.000809433,-0.00920993,-0.0259631,-9.80665,,,
1.8000,imu,0.00162735,0.00199887,-0.000772764,-0.0141727,-0.0273339,-9.80665,,,
1.8200,imu,0.00184185,0.00196993,-0.000733315,-0.0186774,-0.0284316,-9.80665,,,
1.8400,imu,0.00196756,0.00190244,-0.000691227,-0.0225787,-0.0292453,-9.80665,,,
1.8600,imu,0.00199843,0.00179773,-0.000646651,-0.0257504,-0.0297668,-9.80665,,,
1.8800,imu,0.00193296,0.00165783,-0.000599747,-0.02809,-0.0299908,-9.80665,,,
1.9000,imu,0.00177432,0.0014855,-0.000550686,-0.029522,-0.0299152,-9.80665,,,
1.9200,imu,0.00153014,0.0012841,-0.000499642,-0.03,-0.0295406,-9.80665,,,
1.9400,imu,0.0012122,0.00105757,-0.0004468,-0.0295086,-0.0288709,-9.80665,,,
1.9600,imu,0.000835829,0.000810344,-0.00039235,-0.0280638,-0.0279128,-9.80665,,,
1.9800,imu,0.000419166,0.000547264,-0.000336488,-0.0257121,-0.0266757,-9.80665,,,
2.0000,imu,-1.77026e-05,0.000273474,-0.000279415,-0.0225296,-0.0251721,-9.80665,,,
2.0000,gnss_pos,0,0,0,,,,2.25,2.25,5.625
2.0000,gnss_vel,0,0,0,,,,0.09,0.09,0.16
2.0000,baro,-0.149054,,,,,,4,,
2.0200,imu,-0.00382336,-0.0125755,0.154873,-0.0215847,0.0360808,-10.0269,,,
2.0400,imu,-0.00406618,-0.012472,0.154768,-0.0160304,0.0378885,-10.0269,,,
2.0600,imu,-0.00429609,-0.0123575,0.154632,-0.0102454,0.0391512,-10.0269,,,
2.0800,imu,-0.00451273,-0.0122322,0.154467,-0.00431316,0.0398509,-10.0269,,,
2.1000,imu,-0.00471576,-0.0120963,0.154273,0.00168115,0.0399774,-10.0269,,,
2.1000,baro,-0.0289638,,,,,,4,,
2.1200,imu,-0.00490484,-0.0119498,0.154052,0.00765129,0.0395289,-10.0269,,,
2.1400,imu,-0.00507967,-0.011793,0.153805,0.0135114,0.0385119,-10.0269,,,
2.1600,imu,-0.00523998,-0.011626,0.153533,0.0191771,0.0369409,-10.0269,,,
2.1800,imu,-0.00538551,-0.0114491,0.153239,0.0245671,0.0348387,-10.0269,,,
2.2000,imu,-0.00551602,-0.0112623,0.152925,0.0296037,0.0322354,-10.0269,,,
2.2000,gnss_pos,2.79958,0.0419969,-0.24,,,,2.25113,2.25113,5.62781
2.2000,gnss_vel,13.9937,0.419937,-1.2,,,,0.09,0.09,0.16
2.2000,baro,0.0989716,,,,,,4,,
2.2200,imu,-0.00563131,-0.0110661,0.152591,0.0342145,0.0291684,-10.0269,,,
2.2400,imu,-0.00573119,-0.0108605,0.152241,0.0383332,0.0256819,-10.0269,,,
2.2600,imu,-0.0058155,-0.0106458,0.151877,0.0419006,0.0218261,-10.0269,,,
2.2800,imu,-0.00588411,-0.0104223,0.1515,0.0448653,0.0176563,-10.0269,,,
2.3000,imu,-0.00593691,-0.0101902,0.151114,0.0471848,0.0132326,-10.0269,,,
2.3000,baro,0.234335,,,,,,4,,
2.3200,imu,-0.00597381,-0.00994978,0.150721,0.0488256,0.00861856,-10.0269,,,
2.3400,imu,-0.00599476,-0.00970134,0.150324,0.0497642,0.00388056,-10.0269,,,
2.3600,imu,-0.00599971,-0.00944515,0.149924,0.049987,-0.000913243,-10.0269,,,
2.3800,imu,-0.00598867,-0.00918152,0.149525,0.0494908,-0.00569392,-10.0269,,,
2.4000,imu,-0.00596165,-0.00891073,0.149128,0.0482829,-0.0103927,-10.0269,,,
2.4000,gnss_pos,5.59664,0.16795,-0.48,,,,2.259,2.259,5.6475
2.4000,gnss_vel,13.9748,0.839496,-1.2,,,,0.09,0.09,0.16
2.4000,baro,0.376316,,,,,,4,,
2.4200,imu,-0.00591869,-0.00863312,0.148738,0.0463805,-0.014942,-10.0269,,,
2.4400,imu,-0.00585986,-0.008349,0.148355,0.043811,-0.0192764,-10.0269,,,
2.4600,imu,-0.00578526,-0.00805869,0.147983,0.0406115,-0.0233335,-10.0269,,,
2.4800,imu,-0.00569501,-0.00776253,0.147624,0.0368278,-0.0270551,-10.0269,,,
2.5000,imu,-0.00558924,-0.00746087,0.14728,0.0325144,-0.0303875,-10.0269,,,
2.5000,baro,0.523758,,,,,,4,,
2.5200,imu,-0.00546814,-0.00715406,0.146953,0.0277334,-0.0332829,-10.0269,,,
2.5400,imu,-0.00533189,-0.00684244,0.146646,0.0225535,-0.0356996,-10.0269,,,
2.5600,imu,-0.0051807,-0.00652638,0.146361,0.0170492,-0.0376028,-10.0269,,,
2.5800,imu,-0.00501484,-0.00620625,0.146098,0.0112997,-0.0389651,-10.0269,,,
2.6000,imu,-0.00483455,-0.00588241,0.145861,0.00538768,-0.0397671,-10.0269,,,
2.6000,gnss_pos,8.38866,0.377745,-0.72,,,,2.28037,2.28037,5.70094
2.6000,gnss_vel,13.9433,1.2583,-1.2,,,,0.09,0.09,0.16
2.6000,baro,0.675216,,,,,,4,,
2.6200,imu,-0.00464012,-0.00555523,0.14565,-0.000601822,-0.0399971,-10.0269,,,
2.6400,imu,-0.00443188,-0.00522511,0.145467,-0.00658267,-0.0396518,-10.0269,,,
2.6600,imu,-0.00421014,-0.00489241,0.145313,-0.0124688,-0.0387363,-10.0269,,,
2.6800,imu,-0.00397527,-0.00455752,0.145189,-0.0181757,-0.0372636,-10.0269,,,
2.7000,imu,-0.00372764,-0.00422084,0.145095,-0.0236211,-0.0352549,-10.0269,,,
2.7000,baro,0.829032,,,,,,4,,
2.7200,imu,-0.00346765,-0.00388274,0.145033,-0.0287268,-0.0327392,-10.0269,,,
2.7400,imu,-0.00319572,-0.00354362,0.145003,-0.0334193,-0.0297526,-10.0269,,,
2.7600,imu,-0.00291227,-0.00320388,0.145005,-0.0376312,-0.0263381,-10.0269,,,
2.7800,imu,-0.00261776,-0.00286389,0.145039,-0.0413018,-0.0225447,-10.0269,,,
2.8000,imu,-0.00231267,-0.00252407,0.145104,-0.0443784,-0.0184271,-10.0269,,,
2.8000,gnss_pos,11.1731,0.671194,-0.96,,,,2.322,2.322,5.805
2.8000,gnss_vel,13.8993,1.67597,-1.2,,,,0.09,0.09,0.16
2.8000,baro,0.983426,,,,,,4,,
2.8200,imu,-0.00199747,-0.0021848,0.145201,-0.0468167,-0.0140445,-10.0269,,,
2.8400,imu,-0.00167269,-0.00184646,0.145328,-0.0485816,-0.0094599,-10.0269,,,
2.8600,imu,-0.00133882,-0.00150946,0.145486,-0.0496478,-0.00473923,-10.0269,,,
2.8800,imu,-0.000996419,-0.00117419,0.145672,-0.05,4.96162e-05,-10.0269,,,
2.9000,imu,-0.000646022,-0.000841024,0.145886,-0.049633,0.00483774,-10.0269,,,
2.9000,baro,1.13659,,,,,,4,,
2.9200,imu,-0.000288192,-0.000510354,0.146126,-0.0485521,0.00955629,-10.0269,,,
2.9400,imu,7.64978e-05,-0.000182562,0.146391,-0.046773,0.0141374,-10.0269,,,
2.9600,imu,0.000447464,0.000141973,0.146679,-0.0443211,0.0185152,-10.0269,,,
2.9800,imu,0.000824114,0.000462877,0.146989,-0.0412317,0.0226266,-10.0269,,,
3.0000,imu,0.00120585,0.000779777,0.147317,-0.0375494,0.0264127,-10.0269,,,
3.0000,gnss_pos,13.9476,1.04803,-1.2,,,,2.39062,2.39062,5.97656
3.0000,gnss_vel,13.8428,2.09213,-1.2,,,,0.09,0.09,0.16
3.0000,baro,1.28677,,,,,,4,,
3.0200,imu,0.00159205,0.00109231,0.147663,-0.0333269,0.0298188,-10.0269,,,
3.0400,imu,0.0019821,0.00140011,0.148024,-0.0286252,0.0327961,-10.0269,,,
3.0600,imu,0.00237538,0.00170283,0.148397,-0.0235117,0.0353017,-10.0269,,,
3.0800,imu,0.00277126,0.00200011,0.148781,-0.0180601,0.0372995,-10.0269,,,
3.1000,imu,0.00316911,0.00229161,0.149172,-0.0123487,0.0387609,-10.0269,,,
3.1000,baro,1.43238,,,,,,4,,
3.1200,imu,0.00356828,0.00257699,0.149569,-0.00645969,0.0396648,-10.0269,,,
3.1400,imu,0.00396815,0.00285593,0.149968,-0.000477789,0.0399982,-10.0269,,,
3.1600,imu,0.00436806,0.0031281,0.150368,0.00551098,0.0397563,-10.0269,,,
3.1800,imu,0.00476739,0.00339318,0.150765,0.0114205,0.0389426,-10.0269,,,
3.2000,imu,0.00516549,0.00365088,0.151158,0.0171657,0.0375688,-10.0269,,,
3.2000,gnss_pos,16.7094,1.50792,-1.44,,,,2.493,2.493,6.2325
3.2000,gnss_vel,13.7738,2.50641,-1.2,,,,0.09,0.09,0.16
3.2000,baro,1.57207,,,,,,4,,
3.2200,imu,0.00556173,0.00390088,0.151543,0.0226641,0.0356547,-10.0269,,,
3.2400,imu,0.00595547,0.00414291,0.151918,0.0278365,0.0332277,-10.0269,,,
3.2600,imu,0.00634607,0.00437669,0.152281,0.0326085,0.0303229,-10.0269,,,
3.2800,imu,0.00673293,0.00460194,0.152629,0.0369115,0.0269819,-10.0269,,,
3.3000,imu,0.00711541,0.0048184,0.15296,0.0406837,0.0232529,-10.0269,,,
3.3000,baro,1.7048,,,,,,4,,
3.3200,imu,0.00749291,0.00502582,0.153273,0.0438707,0.0191894,-10.0269,,,
3.3400,imu,0.00786483,0.00522397,0.153565,0.0464267,0.0148499,-10.0269,,,
3.3600,imu,0.00823055,0.00541261,0.153833,0.048315,0.0102968,-10.0269,,,
3.3800,imu,0.00858951,0.00559152,0.154078,0.0495083,0.00559568,-10.0269,,,
3.4000,imu,0.00894113,0.00576051,0.154296,0.0499896,0.000814034,-10.0269,,,
3.4000,gnss_pos,19.4563,2.05045,-1.68,,,,2.63587,2.63587,6.58969
3.4000,gnss_vel,13.6924,2.91844,-1.2,,,,0.09,0.09,0.16
3.4000,baro,1.82991,,,,,,4,,
3.4200,imu,0.00928485,0.00591937,0.154487,0.049752,-0.00397932,-10.0269,,,
3.4400,imu,0.00962011,0.00606792,0.154649,0.0487987,-0.00871543,-10.0269,,,
3.4600,imu,0.00994637,0.00620599,0.154781,0.0471436,-0.0133262,-10.0269,,,
3.4800,imu,0.0102631,0.00633341,0.154883,0.0448104,-0.0177453,-10.0269,,,
3.5000,imu,0.0105699,0.00645005,0.154953,0.0418328,-0.0219092,-10.0269,,,
3.5000,baro,1.94713,,,,,,4,,
3.5000,mag,0.211126,0.0618546,0.44,,,,0.05,,
3.5200,imu,0.0108661,0.00655577,0.154992,0.0382535,-0.0257579,-10.0269,,,
3.5400,imu,0.0111513,0.00665044,0.154999,0.0341239,-0.0292362,-10.0269,,,
3.5600,imu,0.0114251,0.00673395,0.154974,0.0295036,-0.032294,-10.0269,,,
3.5800,imu,0.0116871,0.00680622,0.154917,0.024459,-0.0348873,-10.0269,,,
3.6000,imu,0.0119367,0.00686715,0.154828,0.0190625,-0.0369789,-10.0269,,,
3.6000,gnss_pos,22.1856,2.67512,-1.92,,,,2.826,2.826,7.065
3.6000,gnss_vel,13.5987,3.32784,-1.2,,,,0.09,0.09,0.16
3.6000,baro,2.05659,,,,,,4,,
3.6000,mag,0.210174,0.0650144,0.44,,,,0.05,,
3.6200,imu,0.0121736,0.00691667,0.154709,0.0133919,-0.0385386,-10.0269,,,
3.6400,imu,0.0123975,0.00695473,0.15456,0.00752869,-0.039544,-10.0269,,,
3.6600,imu,0.0126079,0.00698129,0.154381,0.00155718,-0.0399806,-10.0269,,,
3.6800,imu,0.0128045,0.00699631,0.154175,-0.00443673,-0.0398422,-10.0269,,,
3.7000,imu,0.0129871,0.00699977,0.153941,-0.0103668,-0.0391308,-10.0269,,,
3.7000,baro,2.15886,,,,,,4,,
3.7000,mag,0.209175,0.0681596,0.44,,,,0.05,,
3.7200,imu,0.0131553,0.00699167,0.153683,-0.0161478,-0.0378566,-10.0269,,,
3.7400,imu,0.0133088,0.00697203,0.153401,-0.0216966,-0.0360378,-10.0269,,,
3.7600,imu,0.0134474,0.00694086,0.153097,-0.0269332,-0.0337008,-10.0269,,,
3.7800,imu,0.013571,0.00689819,0.152773,-0.0317825,-0.0308791,-10.0269,,,
3.8000,imu,0.0136792,0.00684409,0.152432,-0.0361747,-0.0276132,-10.0269,,,
3.8000,gnss_pos,24.8949,3.38138,-2.16,,,,3.07012,3.07012,7.67531
3.8000,gnss_vel,13.4928,3.73424,-1.2,,,,0.09,0.09,0.16
3.8000,baro,2.25488,,,,,,4,,
3.8000,mag,0.208129,0.0712895,0.44,,,,0.05,,
3.8200,imu,0.0137719,0.00677861,0.152075,-0.0400466,-0.0239502,-10.0269,,,
3.8400,imu,0.013849,0.00670182,0.151705,-0.0433426,-0.0199427,-10.0269,,,
3.8600,imu,0.0139104,0.00661382,0.151324,-0.0460151,-0.0156484,-10.0269,,,
3.8800,imu,0.0139559,0.00651471,0.150934,-0.0480258,-0.011129,-10.0269,,,
3.9000,imu,0.0139854,0.0064046,0.150539,-0.0493458,-0.00644952,-10.0269,,,
3.9000,baro,2.34589,,,,,,4,,
3.9000,mag,0.207037,0.0744033,0.44,,,,0.05,,
3.9200,imu,0.013999,0.00628362,0.15014,-0.049956,-0.0016773,-10.0269,,,
3.9400,imu,0.0139966,0.00615191,0.14974,-0.0498478,0.00311903,-10.0269,,,
3.9600,imu,0.0139782,0.00600962,0.149342,-0.0490226,0.00787051,-10.0269,,,
3.9800,imu,0.0139439,0.00585692,0.148948,-0.0474923,0.0125088,-10.0269,,,
4.0000,imu,0.0138936,0.00569397,0.14856,-0.0452789,0.0169672,-10.0269,,,
4.0000,gnss_pos,27.5819,4.16859,-2.4,,,,3.375,3.375,8.4375
4.0000,gnss_vel,13.3747,4.13728,-1.2,,,,0.09,0.09,0.16
4.0000,baro,2.43343,,,,,,4,,
4.0000,mag,0.205897,0.0775003,0.44,,,,0.05,,
4.0200,imu,0.0138275,0.00552098,0.148182,-0.0424143,0.0211815,-10.0269,,,
4.0400,imu,0.0137457,0.00533814,0.147816,-0.0389397,0.0250912,-10.0269,,,
4.0600,imu,0.0136483,0.00514567,0.147464,-0.034905,0.02864,-10.0269,,,
4.0800,imu,0.0135354,0.00494377,0.147127,-0.0303683,0.0317769,-10.0269,,,
4.1000,imu,0.0134073,0.0047327,0.146809,-0.0253948,0.0344567,-10.0269,,,
4.1000,baro,2.51922,,,,,,4,,
4.1000,mag,0.204712,0.08058,0.44,,,,0.05,,
4.1200,imu,0.0132642,0.00451268,0.146512,-0.0200561,0.036641,-10.0269,,,
4.1400,imu,0.0131062,0.00428399,0.146237,-0.0144289,0.0382983,-10.0269,,,
4.1600,imu,0.0129336,0.00404687,0.145986,-0.00859417,0.0394047,-10.0269,,,
4.1800,imu,0.0127468,0.00380161,0.14576,-0.00263584,0.0399444,-10.0269,,,
4.2000,imu,0.012546,0.00354848,0.145562,0.0033604,0.0399096,-10.0269,,,
4.2000,gnss_pos,30.244,5.03605,-2.64,,,,3.74738,3.74738,9.36844
4.2000,gnss_vel,13.2446,4.5366,-1.2,,,,0.09,0.09,0.16
4.2000,baro,2.60504,,,,,,4,,
4.2000,mag,0.20348,0.0836415,0.44,,,,0.05,,
4.2200,imu,0.0123315,0.00328779,0.145392,0.00930831,0.0393007,-10.0269,,,
4.2400,imu,0.0121037,0.00301983,0.145252,0.0151223,0.0381266,-10.0269,,,
4.2600,imu,0.0118629,0.00274491,0.145142,0.0207189,0.0364042,-10.0269,,,
4.2800,imu,0.0116095,0.00246335,0.145063,0.0260174,0.0341582,-10.0269,,,
4.3000,imu,0.011344,0.00217547,0.145015,0.0309418,0.0314208,-10.0269,,,
4.3000,baro,2.69271,,,,,,4,,
4.3000,mag,0.202203,0.0866841,0.44,,,,0.05,,
4.3200,imu,0.0110667,0.00188161,0.145,0.0354211,0.0282316,-10.0269,,,
4.3400,imu,0.0107781,0.00158211,0.145016,0.0393909,0.0246363,-10.0269,,,
4.3600,imu,0.0104786,0.00127732,0.145065,0.0427942,0.0206867,-10.0269,,,
4.3800,imu,0.0101688,0.000967574,0.145145,0.045582,0.0164395,-10.0269,,,
4.4000,imu,0.00984917,0.000653247,0.145256,0.0477143,0.0119559,-10.0269,,,
4.4000,gnss_pos,32.8789,5.98296,-2.88,,,,4.194,4.194,10.485
4.4000,gnss_vel,13.1026,4.93184,-1.2,,,,0.09,0.09,0.16
4.4000,baro,2.78392,,,,,,4,,
4.4000,mag,0.20088,0.0897073,0.44,,,,0.05,,
4.4200,imu,0.00952014,0.000334698,0.145397,0.0491602,0.00730035,-10.0269,,,
4.4400,imu,0.00918228,1.22936e-05,0.145568,0.0498991,0.00253979,-10.0269,,,
4.4600,imu,0.00883613,-0.000313592,0.145767,0.0499203,-0.0022573,-10.0269,,,
4.4800,imu,0.00848224,-0.000642584,0.145993,0.0492235,-0.00702192,-10.0269,,,
4.5000,imu,0.00812118,-0.0009743,0.146245,0.0478188,-0.0116856,-10.0269,,,
4.5000,baro,2.88019,,,,,,4,,
4.5000,mag,0.199511,0.0927103,0.44,,,,0.05,,
4.5200,imu,0.00775353,-0.00130836,0.146521,0.0457263,-0.0161811,-10.0269,,,
4.5400,imu,0.00737988,-0.00164437,0.146819,0.0429761,-0.0204439,-10.0269,,,
4.5600,imu,0.00700081,-0.00198195,0.147137,0.0396078,-0.0244127,-10.0269,,,
4.5800,imu,0.00661695,-0.00232071,0.147474,0.0356698,-0.0280304,-10.0269,,,
4.6000,imu,0.0062289,-0.00266025,0.147827,0.0312189,-0.0312449,-10.0269,,,
4.6000,gnss_pos,35.4843,7.00849,-3.12,,,,4.72162,4.72162,11.8041
4.6000,gnss_vel,12.9487,5.32264,-1.2,,,,0.09,0.09,0.16
4.6000,baro,2.98277,,,,,,4,,
4.6000,mag,0.198098,0.0956924,0.44,,,,0.05,,
4.6200,imu,0.00583728,-0.00300018,0.148194,0.0263189,-0.0340101,-10.0269,,,
4.6400,imu,0.00544273,-0.00334012,0.148572,0.0210403,-0.036286,-10.0269,,,
4.6600,imu,0.00504586,-0.00367966,0.14896,0.0154592,-0.0380401,-10.0269,,,
4.6800,imu,0.00464733,-0.00401841,0.149354,0.00965565,-0.0392471,-10.0269,,,
4.7000,imu,0.00424775,-0.00435599,0.149752,0.00371327,-0.0398895,-10.0269,,,
4.7000,baro,3.09258,,,,,,4,,
4.7000,mag,0.196641,0.098653,0.44,,,,0.05,,
4.7200,imu,0.00384779,-0.004692,0.150152,-0.00228251,-0.0399583,-10.0269,,,
4.7400,imu,0.00344806,-0.00502606,0.150551,-0.00824547,-0.0394523,-10.0269,,,
4.7600,imu,0.00304922,-0.00535777,0.150946,-0.0140898,-0.038379,-10.0269,,,
4.7800,imu,0.0026519,-0.00568676,0.151336,-0.0197315,-0.0367536,-10.0269,,,
4.8000,imu,0.00225673,-0.00601264,0.151717,-0.0250895,-0.0345996,-10.0269,,,
4.8000,gnss_pos,38.0576,8.1117,-3.36,,,,5.337,5.337,13.3425
4.8000,gnss_vel,12.7832,5.70865,-1.2,,,,0.09,0.09,0.16
4.8000,baro,3.21015,,,,,,4,,
4.8000,mag,0.195139,0.101591,0.44,,,,0.05,,
4.8200,imu,0.00186436,-0.00633504,0.152086,-0.0300865,-0.031948,-10.0269,,,
4.8400,imu,0.0014754,-0.00665359,0.152443,-0.0346509,-0.0288368,-10.0269,,,
4.8600,imu,0.00109048,-0.00696791,0.152784,-0.0387168,-0.025311,-10.0269,,,
4.8800,imu,0.000710211,-0.00727765,0.153107,-0.0422259,-0.021421,-10.0269,,,
4.9000,imu,0.000335209,-0.00758244,0.15341,-0.0451277,-0.017223,-10.0269,,,
4.9000,baro,3.33561,,,,,,4,,
4.9000,mag,0.193593,0.104507,0.44,,,,0.05,,
4.9200,imu,-3.39311e-05,-0.00788193,0.153691,-0.0473805,-0.0127773,-10.0269,,,
4.9400,imu,-0.000396618,-0.00817578,0.153949,-0.0489517,-0.00814779,-10.0269,,,
4.9600,imu,-0.00075227,-0.00846365,0.154181,-0.0498189,-0.0034011,-10.0269,,,
4.9800,imu,-0.00110032,-0.00874521,0.154387,-0.0499696,0.00139451,-10.0269,,,
5.0000,imu,-0.00144021,-0.00902012,0.154565,-0.0494016,0.00617006,-10.0269,,,
5.0000,gnss_pos,40.5968,9.2916,-3.6,,,,6.04688,6.04688,15.1172
5.0000,gnss_vel,12.6063,6.08952,-1.2,,,,0.09,0.09,0.16
5.0000,baro,3.46868,,,,,,4,,
5.0000,mag,0.192004,0.107399,0.44,,,,0.05,,
5.0200,imu,-0.0017714,-0.00928807,0.154713,-0.048123,0.0108569,-10.0269,,,
5.0400,imu,-0.00209335,-0.00954876,0.154831,-0.0461523,0.0153875,-10.0269,,,
5.0600,imu,-0.00240556,-0.00980187,0.154919,-0.0435178,0.0196969,-10.0269,,,
5.0800,imu,-0.00270752,-0.0100471,0.154975,-0.0402574,0.0237229,-10.0269,,,
5.1000,imu,-0.00299875,-0.0102842,0.154999,-0.036418,0.0274078,-10.0269,,,
5.1000,baro,3.60867,,,,,,4,,
5.1000,mag,0.190371,0.110267,0.44,,,,0.05,,
5.1200,imu,-0.00327878,-0.0105129,0.154991,-0.0320548,0.0306984,-10.0269,,,
5.1400,imu,-0.00354717,-0.0107329,0.154951,-0.0272306,0.0335475,-10.0269,,,
5.1600,imu,-0.00380348,-0.010944,0.15488,-0.0220147,0.0359141,-10.0269,,,
5.1800,imu,-0.00404731,-0.0111459,0.154777,-0.0164822,0.0377642,-10.0269,,,
5.2000,imu,-0.00427826,-0.0113383,0.154644,-0.0107126,0.0390711,-10.0269,,,
5.2000,gnss_pos,43.0994,10.5471,-3.84,,,,6.858,6.858,17.145
5.2000,gnss_vel,12.4179,6.46491,-1.2,,,,0.09,0.09,0.16
5.2000,baro,3.75452,,,,,,4,,
5.2000,mag,0.188696,0.11311,0.44,,,,0.05,,
5.2200,imu,-0.00449598,-0.0115212,0.154481,-0.00478897,0.0398161,-10.0269,,,
5.2400,imu,-0.0047001,-0.0116942,0.154289,0.00120356,0.0399884,-10.0269,,,
5.2600,imu,-0.0048903,-0.0118571,0.15407,0.00717878,0.0395856,-10.0269,,,
5.2800,imu,-0.00506628,-0.0120098,0.153825,0.0130507,0.0386134,-10.0269,,,
5.3000,imu,-0.00522775,-0.0121521,0.153556,0.018735,0.0370858,-10.0269,,,
5.3000,baro,3.90487,,,,,,4,,
5.3000,mag,0.186978,0.115928,0.44,,,,0.05,,
5.3200,imu,-0.00537447,-0.0122838,0.153264,0.0241498,0.0350249,-10.0269,,,
5.3400,imu,-0.00550618,-0.0124047,0.15295,0.0292173,0.0324602,-10.0269,,,
5.3600,imu,-0.00562269,-0.0125148,0.152618,0.0338645,0.0294286,-10.0269,,,
5.3800,imu,-0.0057238,-0.0126139,0.15227,0.0380247,0.0259738,-10.0269,,,
5.4000,imu,-0.00580936,-0.0127019,0.151906,0.041638,0.0221454,-10.0269,,,
5.4000,gnss_pos,45.5632,11.8772,-4.08,,,,7.77713,7.77713,19.4428
5.4000,gnss_vel,12.2184,6.83448,-1.2,,,,0.09,0.09,0.16
5.4000,baro,4.05812,,,,,,4,,
5.4000,mag,0.185218,0.118719,0.44,,,,0.05,,
5.4200,imu,-0.00587923,-0.0127787,0.151531,0.0446524,0.0179985,-10.0269,,,
5.4400,imu,-0.00593329,-0.0128442,0.151145,0.0470246,0.0135927,-10.0269,,,
5.4600,imu,-0.00597146,-0.0128982,0.150753,0.0487204,0.00899142,-10.0269,,,
5.4800,imu,-0.00599367,-0.0129409,0.150355,0.0497155,0.00426082,-10.0269,,,
5.5000,imu,-0.0059999,-0.0129721,0.149956,0.0499956,-0.00053107,-10.0269,,,
5.5000,baro,4.21253,,,,,,4,,
5.5000,mag,0.183417,0.121484,0.44,,,,0.05,,
5.5200,imu,-0.00599013,-0.0129917,0.149556,0.0495566,-0.00531532,-10.0269,,,
5.5400,imu,-0.00596438,-0.0129998,0.14916,0.0484048,-0.0100231,-10.0269,,,
5.5600,imu,-0.00592269,-0.0129963,0.148769,0.0465569,-0.0145868,-10.0269,,,
5.5800,imu,-0.00586513,-0.0129813,0.148385,0.0440393,-0.0189406,-10.0269,,,
5.6000,imu,-0.00579178,-0.0129547,0.148012,0.0408883,-0.023022,-10.0269,,,
5.6000,gnss_pos,47.986,13.2805,-4.32,,,,8.811,8.811,22.0275
5.6000,gnss_vel,12.0079,7.1979,-1.2,,,,0.09,0.09,0.16
5.6000,baro,4.36628,,,,,,4,,
5.6000,mag,0.181574,0.124221,0.44,,,,0.05,,
5.6200,imu,-0.00570276,-0.0129166,0.147652,0.0371492,-0.0267723,-10.0269,,,
5.6400,imu,-0.00559823,-0.0128671,0.147307,0.0328759,-0.0301376,-10.0269,,,
5.6600,imu,-0.00547834,-0.0128061,0.146979,0.0281297,-0.0330694,-10.0269,,,
5.6800,imu,-0.00534329,-0.0127339,0.14667,0.0229789,-0.0355255,-10.0269,,,
5.7000,imu,-0.00519329,-0.0126503,0.146383,0.0174976,-0.0374707,-10.0269,,,
5.7000,baro,4.51759,,,,,,4,,
5.7000,mag,0.17969,0.126931,0.44,,,,0.05,,
5.7200,imu,-0.00502858,-0.0125557,0.146118,0.0117646,-0.038877,-10.0269,,,
5.7400,imu,-0.00484943,-0.0124499,0.145879,0.00586244,-0.0397241,-10.0269,,,
5.7600,imu,-0.00465612,-0.0123333,0.145666,-0.00012404,-0.0399999,-10.0269,,,
5.7800,imu,-0.00444896,-0.0122058,0.14548,-0.00610874,-0.0397003,-10.0269,,,
5.8000,imu,-0.00422829,-0.0120678,0.145324,-0.0120056,-0.0388298,-10.0269,,,
5.8000,gnss_pos,50.3657,14.7559,-4.56,,,,9.96637,9.96637,24.9159
5.8000,gnss_vel,11.7866,7.55485,-1.2,,,,0.09,0.09,0.16
5.8000,baro,4.66481,,,,,,4,,
5.8000,mag,0.177766,0.129612,0.44,,,,0.05,,
5.8200,imu,-0.00399445,-0.0119192,0.145197,-0.0177297,-0.0374008,-10.0269,,,
5.8400,imu,-0.00374782,-0.0117603,0.145102,-0.0231989,-0.0354339,-10.0269,,,
5.8600,imu,-0.0034888,-0.0115913,0.145037,-0.0283344,-0.0329573,-10.0269,,,
5.8800,imu,-0.0032178,-0.0114124,0.145004,-0.0330624,-0.0300067,-10.0269,,,
5.9000,imu,-0.00293525,-0.0112238,0.145004,-0.0373148,-0.0266245,-10.0269,,,
5.9000,baro,4.80651,,,,,,4,,
5.9000,mag,0.175802,0.132264,0.44,,,,0.05,,
5.9200,imu,-0.00264161,-0.0110256,0.145035,-0.0410306,-0.0228594,-10.0269,,,
5.9400,imu,-0.00233734,-0.0108182,0.145098,-0.0441562,-0.0187656,-10.0269,,,
5.9600,imu,-0.00202293,-0.0106017,0.145192,-0.0466468,-0.0144018,-10.0269,,,
5.9800,imu,-0.00169889,-0.0103764,0.145317,-0.0484664,-0.00983086,-10.0269,,,
6.0000,imu,-0.00136573,-0.0101427,0.145472,-0.0495889,-0.00511855,-10.0269,,,
6.0000,baro,4.94155,,,,,,4,,
6.0000,mag,0.173798,0.134886,0.44,,,,0.05,,
6.0200,imu,-0.00102399,-0.00990062,0.145656,-0.0499983,-0.000332617,-10.0269,,,
6.0400,imu,-0.000674205,-0.0096506,0.145868,-0.0496885,0.0044581,-10.0269,,,
6.0600,imu,-0.000316946,-0.0093929,0.146106,-0.048664,0.00918469,-10.0269,,,
6.0800,imu,4.72188e-05,-0.0091278,0.146369,-0.0469397,0.0137792,-10.0269,,,
6.1000,imu,0.000417707,-0.00885563,0.146655,-0.0445402,0.0181755,-10.0269,,,
6.1000,baro,5.06914,,,,,,4,,
6.1000,mag,0.171756,0.137477,0.44,,,,0.05,,
6.1200,imu,0.000793927,-0.00857668,0.146963,-0.0415001,0.0223104,-10.0269,,,
6.1400,imu,0.00117527,-0.00829129,0.14729,-0.0378631,0.0261244,-10.0269,,,
6.1600,imu,0.00156114,-0.00799979,0.147635,-0.0336816,0.0295627,-10.0269,,,
6.1800,imu,0.00195091,-0.0077025,0.147994,-0.0290156,0.0325758,-10.0269,,,
6.2000,imu,0.00234396,-0.00739978,0.148367,-0.0239323,0.0351203,-10.0269,,,
6.2000,baro,5.18887,,,,,,4,,
6.2000,mag,0.169674,0.140038,0.44,,,,0.05,,
6.2200,imu,0.00273965,-0.00709197,0.14875,-0.0185048,0.0371597,-10.0269,,,
6.2400,imu,0.00313737,-0.00677944,0.149141,-0.0128111,0.0386647,-10.0269,,,
6.2600,imu,0.00353646,-0.00646253,0.149537,-0.00693318,0.0396136,-10.0269,,,
6.2800,imu,0.00393629,-0.00614162,0.149936,-0.000955534,0.0399927,-10.0269,,,
6.3000,imu,0.00433623,-0.00581709,0.150336,0.00503585,0.0397966,-10.0269,,,
6.3000,baro,5.30076,,,,,,4,,
6.3000,mag,0.167555,0.142567,0.44,,,,0.05,,
6.3200,imu,0.00473563,-0.00548929,0.150734,0.0109548,0.0390281,-10.0269,,,
6.3400,imu,0.00513385,-0.00515862,0.151127,0.0167162,0.0376983,-10.0269,,,
6.3600,imu,0.00553026,-0.00482545,0.151512,0.0222372,0.0358263,-10.0269,,,
6.3800,imu,0.00592422,-0.00449017,0.151888,0.0274383,0.033439,-10.0269,,,
6.4000,imu,0.0063151,-0.00415317,0.152252,0.0322448,0.0305708,-10.0269,,,
6.4000,baro,5.40524,,,,,,4,,
6.4000,mag,0.165397,0.145065,0.44,,,,0.05,,
6.4200,imu,0.00670228,-0.00381484,0.152602,0.0365876,0.0272629,-10.0269,,,
6.4400,imu,0.00708513,-0.00347556,0.152935,0.0404041,0.0235628,-10.0269,,,
6.4600,imu,0.00746305,-0.00313574,0.153249,0.0436395,0.0195239,-10.0269,,,
6.4800,imu,0.00783543,-0.00279576,0.153542,0.0462472,0.0152041,-10.0269,,,
6.5000,imu,0.00820167,-0.00245601,0.153813,0.0481898,0.0106657,-10.0269,,,
6.5000,baro,5.50312,,,,,,4,,
6.5000,mag,0.163203,0.147529,0.44,,,,0.05,,
6.5200,imu,0.00856119,-0.00211689,0.154059,0.0494392,0.00597389,-10.0269,,,
6.5400,imu,0.00891342,-0.0017788,0.154279,0.0499776,0.00119615,-10.0269,,,
6.5600,imu,0.00925778,-0.00144211,0.154472,0.0497972,-0.0035988,-10.0269,,,
6.5800,imu,0.00959373,-0.00110723,0.154637,0.0489006,-0.00834199,-10.0269,,,
6.6000,imu,0.00992074,-0.000774535,0.154771,0.0473006,-0.0129652,-10.0269,,,
6.6000,baro,5.59557,,,,,,4,,
6.6000,mag,0.160972,0.149961,0.44,,,,0.05,,
6.6200,imu,0.0102383,-0.000444411,0.154876,0.0450204,-0.0174019,-10.0269,,,
6.6400,imu,0.0105458,-0.000117242,0.154949,0.0420926,-0.0215884,-10.0269,,,
6.6600,imu,0.0108429,0.000206595,0.15499,0.0385594,-0.0254643,-10.0269,,,
6.6800,imu,0.011129,0.000526726,0.154999,0.0344716,-0.028974,-10.0269,,,
6.7000,imu,0.0114038,0.000842781,0.154977,0.029888,-0.032067,-10.0269,,,
6.7000,baro,5.68404,,,,,,4,,
6.7000,mag,0.158704,0.152358,0.44,,,,0.05,,
6.7200,imu,0.0116666,0.00115439,0.154922,0.0248746,-0.0346988,-10.0269,,,
6.7400,imu,0.0119173,0.0014612,0.154836,0.0195034,-0.0368315,-10.0269,,,
6.7600,imu,0.0121552,0.00176286,0.15472,0.0138516,-0.0384344,-10.0269,,,
6.7800,imu,0.0123801,0.00205901,0.154573,0.00800068,-0.0394846,-10.0269,,,
6.8000,imu,0.0125916,0.00234931,0.154396,0.00203466,-0.0399669,-10.0269,,,
6.8000,baro,5.77019,,,,,,4,,
6.8000,mag,0.156401,0.154721,0.44,,,,0.05,,
6.8200,imu,0.0127894,0.00263342,0.154192,-0.00396062,-0.0398743,-10.0269,,,
6.8400,imu,0.0129731,0.00291103,0.153961,-0.00989894,-0.0392083,-10.0269,,,
6.8600,imu,0.0131424,0.0031818,0.153704,-0.0156949,-0.0379783,-10.0269,,,
6.8800,imu,0.0132971,0.00344543,0.153424,-0.0212651,-0.0362021,-10.0269,,,
6.9000,imu,0.013437,0.00370161,0.153122,-0.0265295,-0.0339052,-10.0269,,,
6.9000,baro,5.8558,,,,,,4,,
6.9000,mag,0.154063,0.15705,0.44,,,,0.05,,
6.9200,imu,0.0135617,0.00395004,0.1528,-0.0314123,-0.0311206,-10.0269,,,
6.9400,imu,0.0136711,0.00419044,0.15246,-0.0358433,-0.0278885,-10.0269,,,
6.9600,imu,0.0137651,0.00442253,0.152104,-0.0397587,-0.0242552,-10.0269,,,
6.9800,imu,0.0138435,0.00464603,0.151735,-0.0431024,-0.0202731,-10.0269,,,
7.0000,imu,0.0139061,0.0048607,0.151355,-0.0458261,-0.0159994,-10.0269,,,
7.0000,baro,5.94269,,,,,,4,,
7.0000,mag,0.15169,0.159343,0.44,,,,0.05,,
7.0200,imu,0.0139528,0.00506629,0.150966,-0.0478907,-0.0114956,-10.0269,,,
7.0400,imu,0.0139837,0.00526255,0.15057,-0.0492665,-0.00682645,-10.0269,,,
7.0600,imu,0.0139985,0.00544925,0.150172,-0.0499337,-0.00205912,-10.0269,,,
7.0800,imu,0.0139974,0.0056262,0.149772,-0.0498827,0.00273782,-10.0269,,,
7.1000,imu,0.0139803,0.00579317,0.149373,-0.0491143,0.00749539,-10.0269,,,
7.1000,baro,6.0326,,,,,,4,,
7.1000,mag,0.149283,0.161601,0.44,,,,0.05,,
7.1200,imu,0.0139472,0.00594998,0.148979,-0.0476395,0.0121452,-10.0269,,,
7.1400,imu,0.0138982,0.00609644,0.148591,-0.0454795,0.0166202,-10.0269,,,
7.1600,imu,0.0138333,0.00623239,0.148212,-0.0426654,0.0208563,-10.0269,,,
7.1800,imu,0.0137528,0.00635766,0.147845,-0.0392376,0.0247924,-10.0269,,,
7.2000,imu,0.0136566,0.00647212,0.147491,-0.0352455,0.0283718,-10.0269,,,
7.2000,baro,6.12711,,,,,,4,,
7.2000,mag,0.146842,0.163821,0.44,,,,0.05,,
7.2200,imu,0.013545,0.00657563,0.147153,-0.0307465,0.0315433,-10.0269,,,
7.2400,imu,0.0134181,0.00666808,0.146834,-0.0258052,0.034261,-10.0269,,,
7.2600,imu,0.0132761,0.00674934,0.146535,-0.0204928,0.036486,-10.0269,,,
7.2800,imu,0.0131193,0.00681934,0.146258,-0.0148857,0.0381862,-10.0269,,,
7.3000,imu,0.0129479,0.00687799,0.146005,-0.00906446,0.0393372,-10.0269,,,
7.3000,baro,6.22756,,,,,,4,,
7.3000,mag,0.144368,0.166006,0.44,,,,0.05,,
7.3200,imu,0.0127622,0.00692522,0.145777,-0.00311284,0.0399224,-10.0269,,,
7.3400,imu,0.0125625,0.00696098,0.145577,0.00288354,0.0399334,-10.0269,,,
7.3600,imu,0.0123491,0.00698522,0.145405,0.00883845,0.0393701,-10.0269,,,
7.3800,imu,0.0121223,0.00699793,0.145262,0.0146662,0.0382405,-10.0269,,,
7.4000,imu,0.0118825,0.00699907,0.145149,0.0202831,0.0365609,-10.0269,,,
7.4000,baro,6.33499,,,,,,4,,
7.4000,mag,0.141862,0.168152,0.44,,,,0.05,,
7.4200,imu,0.0116301,0.00698866,0.145068,0.0256082,0.0343555,-10.0269,,,
7.4400,imu,0.0113656,0.0069667,0.145018,0.030565,0.0316559,-10.0269,,,
7.4600,imu,0.0110892,0.00693322,0.145,0.0350822,0.0285011,-10.0269,,,
7.4800,imu,0.0108015,0.00688826,0.145014,0.0390948,0.0249363,-10.0269,,,
7.5000,imu,0.0105029,0.00683187,0.14506,0.0425452,0.0210129,-10.0269,,,
7.5000,baro,6.45006,,,,,,4,,
7.5000,mag,0.139324,0.170261,0.44,,,,0.05,,
7.5200,imu,0.0101939,0.00676412,0.145137,0.0453836,0.0167872,-10.0269,,,
7.5400,imu,0.00987498,0.00668508,0.145246,0.0475693,0.0123201,-10.0269,,,
7.5600,imu,0.00954667,0.00659485,0.145385,0.0490708,0.00767583,-10.0269,,,
7.5800,imu,0.0092095,0.00649352,0.145553,0.0498665,0.00292114,-10.0269,,,
7.6000,imu,0.00886399,0.00638122,0.14575,0.049945,-0.00187557,-10.0269,,,
7.6000,baro,6.57303,,,,,,4,,
7.6000,mag,0.136754,0.172332,0.44,,,,0.05,,
7.6200,imu,0.00851069,0.00625808,0.145974,0.0493052,-0.00664531,-10.0269,,,
7.6400,imu,0.00815019,0.00612423,0.146224,0.0479562,-0.0113195,-10.0269,,,
7.6600,imu,0.00778304,0.00597984,0.146498,0.0459175,-0.0158308,-10.0269,,,
7.6800,imu,0.00740984,0.00582507,0.146795,0.0432183,-0.0201145,-10.0269,,,
7.7000,imu,0.00703118,0.0056601,0.147111,0.0398976,-0.0241088,-10.0269,,,
7.7000,baro,6.70373,,,,,,4,,
7.7000,mag,0.134154,0.174364,0.44,,,,0.05,,
7.7200,imu,0.00664768,0.00548512,0.147447,0.036003,-0.0277564,-10.0269,,,
7.7400,imu,0.00625994,0.00530033,0.147799,0.0315906,-0.0310048,-10.0269,,,
7.7600,imu,0.00586858,0.00510595,0.148164,0.0267239,-0.0338073,-10.0269,,,
7.7800,imu,0.00547424,0.00490219,0.148542,0.0214728,-0.0361235,-10.0269,,,
7.8000,imu,0.00507754,0.00468931,0.148929,0.0159128,-0.0379202,-10.0269,,,
7.8000,baro,6.84162,,,,,,4,,
7.8000,mag,0.131523,0.176356,0.44,,,,0.05,,
7.8200,imu,0.00467911,0.00446753,0.149322,0.010124,-0.0391715,-10.0269,,,
7.8400,imu,0.0042796,0.00423713,0.149721,0.00418957,-0.0398593,-10.0269,,,
7.8600,imu,0.00387964,0.00399835,0.15012,-0.00180512,-0.0399739,-10.0269,,,
7.8800,imu,0.00347987,0.00375149,0.150519,-0.00777384,-0.0395136,-10.0269,,,
7.9000,imu,0.00308093,0.00349683,0.150915,-0.0136308,-0.0384849,-10.0269,,,
7.9000,baro,6.98573,,,,,,4,,
7.9000,mag,0.128863,0.178309,0.44,,,,0.05,,
7.9200,imu,0.00268347,0.00323465,0.151305,-0.0192916,-0.0369028,-10.0269,,,
7.9400,imu,0.00228811,0.00296527,0.151687,-0.024675,-0.0347898,-10.0269,,,
7.9600,imu,0.00189549,0.00268899,0.152057,-0.0297035,-0.0321765,-10.0269,,,
7.9800,imu,0.00150623,0.00240614,0.152415,-0.0343048,-0.0291004,-10.0269,,,
8.0000,imu,0.00112097,0.00211704,0.152757,-0.0384127,-0.0256058,-10.0269,,,
8.0000,baro,7.13482,,,,,,4,,
8.0000,mag,0.126174,0.180222,0.44,,,,0.05,,
8.0200,imu,0.000740308,0.00182202,0.153082,-0.0419681,-0.0217429,-10.0269,,,
8.0400,imu,0.000364864,0.00152143,0.153386,-0.0449199,-0.0175672,-10.0269,,,
8.0600,imu,-4.76429e-06,0.00121562,0.15367,-0.0472257,-0.0131389,-10.0269,,,
8.0800,imu,-0.000367986,0.000904929,0.153929,-0.0488522,-0.00852163,-10.0269,,,
8.1000,imu,-0.00072422,0.000589726,0.154164,-0.049776,-0.00378179,-10.0269,,,
8.1000,baro,7.28733,,,,,,4,,
8.1000,mag,0.123457,0.182094,0.44,,,,0.05,,
8.1200,imu,-0.0010729,0.000270375,0.154372,-0.049984,0.00101245,-10.0269,,,
8.1400,imu,-0.00141346,-5.27575e-05,0.154552,-0.049473,0.00579212,-10.0269,,,
8.1600,imu,-0.00174536,-0.000379296,0.154702,-0.0482505,0.0104885,-10.0269,,,
8.1800,imu,-0.00206807,-0.000708864,0.154823,-0.046334,0.015034,-10.0269,,,
8.2000,imu,-0.00238107,-0.00104108,0.154913,-0.0437511,0.0193633,-10.0269,,,
8.2000,baro,7.44157,,,,,,4,,
8.2000,mag,0.120712,0.183926,0.44,,,,0.05,,
8.2200,imu,-0.00268386,-0.00137556,0.154972,-0.040539,0.0234141,-10.0269,,,
8.2400,imu,-0.00297596,-0.00171192,0.154998,-0.0367438,0.0271281,-10.0269,,,
8.2600,imu,-0.0032569,-0.00204977,0.154993,-0.0324201,0.030452,-10.0269,,,
8.2800,imu,-0.00352623,-0.00238871,0.154956,-0.0276301,0.0333378,-10.0269,,,
8.3000,imu,-0.00378352,-0.00272836,0.154887,-0.0224427,0.0357442,-10.0269,,,
8.3000,baro,7.59572,,,,,,4,,
8.3000,mag,0.117939,0.185716,0.44,,,,0.05,,
8.3200,imu,-0.00402836,-0.00306833,0.154787,-0.0169325,0.0376365,-10.0269,,,
8.3400,imu,-0.00426035,-0.00340822,0.154656,-0.0111788,0.0389875,-10.0269,,,
8.3600,imu,-0.00447913,-0.00374763,0.154495,-0.00526435,0.0397777,-10.0269,,,
8.3800,imu,-0.00468435,-0.00408618,0.154306,0.000725852,0.0399958,-10.0269,,,
8.4000,imu,-0.00487567,-0.00442348,0.154089,0.00670561,0.0396386,-10.0269,,,
8.4000,baro,7.74799,,,,,,4,,
8.4000,mag,0.115141,0.187464,0.44,,,,0.05,,
8.4200,imu,-0.00505279,-0.00475913,0.153846,0.0125889,0.0387114,-10.0269,,,
8.4400,imu,-0.00521543,-0.00509275,0.153578,0.0182912,0.0372274,-10.0269,,,
8.4600,imu,-0.00536333,-0.00542394,0.153288,0.0237304,0.0352079,-10.0269,,,
8.4800,imu,-0.00549625,-0.00575234,0.152976,0.0288282,0.0326821,-10.0269,,,
8.5000,imu,-0.00561397,-0.00607755,0.152645,0.0335115,0.0296862,-10.0269,,,
8.5200,imu,-0.00571632,-0.00639921,0.152298,0.0377127,0.0262633,-10.0269,,,
8.5400,imu,-0.00580312,-0.00671694,0.151936,0.0413716,0.0224627,-10.0269,,,
8.5600,imu,-0.00587424,-0.00703037,0.151561,0.0444354,0.018339,-10.0269,,,
8.5800,imu,-0.00592956,-0.00733914,0.151176,0.0468601,0.0139516,-10.0269,,,
8.6000,imu,-0.005969,-0.0076429,0.150784,0.0486108,0.00936346,-10.0269,,,
8.6200,imu,-0.00599249,-0.00794129,0.150387,0.0496624,0.00464068,-10.0269,,,
8.6400,imu,-0.00599999,-0.00823397,0.149988,0.0499997,-0.000148848,-10.0269,,,
8.6600,imu,-0.0059915,-0.0085206,0.149588,0.0496178,-0.00493623,-10.0269,,,
8.6800,imu,-0.00596702,-0.00880085,0.149191,0.0485223,-0.00965262,-10.0269,,,
8.7000,imu,-0.00592659,-0.00907439,0.148799,0.046729,-0.0142302,-10.0269,,,
8.7200,imu,-0.00587029,-0.00934092,0.148415,0.0442635,-0.0186031,-10.0269,,,
8.7400,imu,-0.00579819,-0.00960011,0.148041,0.0411614,-0.0227084,-10.0269,,,
8.7600,imu,-0.00571042,-0.00985167,0.14768,0.0374673,-0.0264871,-10.0269,,,
8.7800,imu,-0.00560712,-0.0100953,0.147334,0.0332344,-0.0298849,-10.0269,,,
8.8000,imu,-0.00548844,-0.0103308,0.147004,0.0285234,-0.0328528,-10.0269,,,
8.8200,imu,-0.00535459,-0.0105577,0.146694,0.0234022,-0.0353482,-10.0269,,,
8.8400,imu,-0.00520577,-0.010776,0.146405,0.0179443,-0.0373352,-10.0269,,,
8.8600,imu,-0.00504223,-0.0109852,0.146138,0.0122284,-0.0387853,-10.0269,,,
8.8800,imu,-0.00486421,-0.0111852,0.145897,0.00633667,-0.0396775,-10.0269,,,
8.9000,imu,-0.00467202,-0.0113758,0.145682,0.000353753,-0.039999,-10.0269,,,
8.9200,imu,-0.00446596,-0.0115566,0.145494,-0.00563425,-0.0397452,-10.0269,,,
8.9400,imu,-0.00424635,-0.0117276,0.145335,-0.0115412,-0.0389198,-10.0269,,,
8.9600,imu,-0.00401354,-0.0118885,0.145206,-0.0172822,-0.0375346,-10.0269,,,
8.9800,imu,-0.00376792,-0.0120391,0.145108,-0.0227746,-0.0356096,-10.0269,,,
9.0000,imu,-0.00350987,-0.0121793,0.145041,-0.0279395,-0.0331724,-10.0269,,,
9.0200,imu,-0.00323981,-0.0123089,0.145006,-0.0327025,-0.0302581,-10.0269,,,
9.0400,imu,-0.00295816,-0.0124277,0.145003,-0.0369951,-0.0269086,-10.0269,,,
9.0600,imu,-0.00266539,-0.0125356,0.145031,-0.0407557,-0.0231721,-10.0269,,,
9.0800,imu,-0.00236195,-0.0126325,0.145092,-0.0439301,-0.0191023,-10.0269,,,
9.1000,imu,-0.00204833,-0.0127182,0.145183,-0.0464726,-0.0147577,-10.0269,,,
9.1200,imu,-0.00172503,-0.0127927,0.145306,-0.0483468,-0.0102009,-10.0269,,,
9.1400,imu,-0.00139258,-0.0128559,0.145459,-0.0495255,-0.0054974,-10.0269,,,
9.1600,imu,-0.0010515,-0.0129077,0.14564,-0.049992,-0.000714819,-10.0269,,,
9.1800,imu,-0.00070234,-0.0129481,0.14585,-0.0497395,0.00407804,-10.0269,,,
9.2000,imu,-0.000345656,-0.0129769,0.146086,-0.0487715,0.00881226,-10.0269,,,
9.2200,imu,1.79798e-05,-0.0129942,0.146347,-0.0471021,0.0134197,-10.0269,,,
9.2400,imu,0.000387986,-0.013,0.146632,-0.0447553,0.0178342,-10.0269,,,
9.2600,imu,0.000763771,-0.0129942,0.146938,-0.0417647,0.0219921,-10.0269,,,
9.2800,imu,0.00114473,-0.0129769,0.147264,-0.0381735,0.0258338,-10.0269,,,
9.3000,imu,0.00153026,-0.012948,0.147607,-0.0340332,0.0293039,-10.0269,,,
9.3200,imu,0.00191974,-0.0129076,0.147965,-0.0294034,0.0323525,-10.0269,,,
9.3400,imu,0.00231255,-0.0128558,0.148337,-0.0243507,0.0349358,-10.0269,,,
9.3600,imu,0.00270806,-0.0127926,0.148719,-0.0189478,0.0370166,-10.0269,,,
9.3800,imu,0.00310564,-0.012718,0.149109,-0.0132724,0.038565,-10.0269,,,
9.4000,imu,0.00350464,-0.0126323,0.149505,-0.00740604,0.0395588,-10.0269,,,
9.4200,imu,0.00390444,-0.0125354,0.149904,-0.00143319,0.0399836,-10.0269,,,
9.4400,imu,0.00430439,-0.0124274,0.150304,0.00456027,0.0398333,-10.0269,,,
9.4600,imu,0.00470386,-0.0123086,0.150702,0.0104881,0.0391101,-10.0269,,,
9.4800,imu,0.0051022,-0.012179,0.151095,0.0162652,0.0378244,-10.0269,,,
9.5000,imu,0.00549877,-0.0120388,0.151482,0.0218082,0.0359947,-10.0269,,,
9.5200,imu,0.00589295,-0.0118882,0.151859,0.0270377,0.0336473,-10.0269,,,
9.5400,imu,0.0062841,-0.0117273,0.152224,0.0318782,0.0308159,-10.0269,,,
9.5600,imu,0.00667159,-0.0115563,0.152574,0.0362603,0.0275413,-10.0269,,,
9.5800,imu,0.00705482,-0.0113754,0.152909,0.0401208,0.0238706,-10.0269,,,
9.6000,imu,0.00743315,-0.0111848,0.153224,0.0434043,0.0198566,-10.0269,,,
9.6200,imu,0.00780599,-0.0109848,0.15352,0.0460635,0.015557,-10.0269,,,
9.6400,imu,0.00817274,-0.0107755,0.153792,0.0480602,0.0110336,-10.0269,,,
9.6600,imu,0.00853282,-0.0105572,0.15404,0.0493656,0.00635156,-10.0269,,,
9.6800,imu,0.00888565,-0.0103303,0.154263,0.0499611,0.00157815,-10.0269,,,
9.7000,imu,0.00923066,-0.0100948,0.154458,0.0498379,-0.00321796,-10.0269,,,
9.7200,imu,0.0095673,-0.00985114,0.154625,0.048998,-0.00796778,-10.0269,,,
9.7400,imu,0.00989504,-0.00959956,0.154762,0.0474533,-0.012603,-10.0269,,,
9.7600,imu,0.0102133,-0.00934035,0.154868,0.0452262,-0.017057,-10.0269,,,
9.7800,imu,0.0105217,-0.00907381,0.154944,0.0423485,-0.0212656,-10.0269,,,
9.8000,imu,0.0108196,-0.00880025,0.154988,0.0388618,-0.0251684,-10.0269,,,
9.8200,imu,0.0111067,-0.00851999,0.155,0.0348161,-0.0287092,-10.0269,,,
9.8400,imu,0.0113823,-0.00823335,0.15498,0.0302697,-0.031837,-10.0269,,,
9.8600,imu,0.0116462,-0.00794065,0.154928,0.0252879,-0.034507,-10.0269,,,
9.8800,imu,0.0118978,-0.00764225,0.154844,0.0199424,-0.0366807,-10.0269,,,
9.9000,imu,0.0121367,-0.00733848,0.15473,0.0143101,-0.0383268,-10.0269,,,
9.9200,imu,0.0123627,-0.0070297,0.154585,0.00847195,-0.0394216,-10.0269,,,
9.9400,imu,0.0125753,-0.00671626,0.154411,0.00251196,-0.0399495,-10.0269,,,
9.9600,imu,0.0127741,-0.00639852,0.154209,-0.00348415,-0.0399028,-10.0269,,,
9.9800,imu,0.012959,-0.00607686,0.15398,-0.00943016,-0.0392821,-10.0269,,,
10.0000,imu,0.0131295,-0.00575163,0.153726,-0.0152405,-0.0380965,-10.0269,,,
10.0200,imu,0.0132853,-0.00542323,0.153447,-0.0208317,-0.036363,-10.0269,,,
10.0400,imu,0.0134264,-0.00509203,0.153147,-0.0261233,-0.0341064,-10.0269,,,
10.0600,imu,0.0135523,-0.00475841,0.152826,-0.0310391,-0.0313593,-10.0269,,,
10.0800,imu,0.013663,-0.00442275,0.152487,-0.0355085,-0.0281612,-10.0269,,,
10.1000,imu,0.0137582,-0.00408545,0.152133,-0.0394672,-0.0245581,-10.0269,,,
10.1200,imu,0.0138378,-0.0037469,0.151765,-0.0428582,-0.0206017,-10.0269,,,
10.1400,imu,0.0139017,-0.00340748,0.151385,-0.0456329,-0.016349,-10.0269,,,
10.1600,imu,0.0139497,-0.0030676,0.150997,-0.0477512,-0.0118612,-10.0269,,,
10.1800,imu,0.0139818,-0.00272763,0.150602,-0.0491827,-0.00720277,-10.0269,,,
10.2000,imu,0.0139979,-0.00238798,0.150203,-0.0499068,-0.00244075,-10.0269,,,
10.2200,imu,0.0139981,-0.00204904,0.149804,-0.0499132,0.00235637,-10.0269,,,
10.2400,imu,0.0139822,-0.00171119,0.149405,-0.0492016,0.00711959,-10.0269,,,
10.2600,imu,0.0139504,-0.00137484,0.14901,-0.0477824,0.0117804,-10.0269,,,
10.2800,imu,0.0139027,-0.00104036,0.148622,-0.045676,0.0162718,-10.0269,,,
10.3000,imu,0.0138391,-0.000708149,0.148242,-0.0429126,0.0205292,-10.0269,,,
10.3200,imu,0.0137597,-0.000378587,0.147873,-0.039532,0.0244913,-10.0269,,,
10.3400,imu,0.0136648,-5.20555e-05,0.147519,-0.0355828,0.0281011,-10.0269,,,
10.3600,imu,0.0135544,0.000271069,0.14718,-0.0311219,0.0313068,-10.0269,,,
10.3800,imu,0.0134287,0.000590412,0.146859,-0.0262133,0.0340622,-10.0269,,,
10.4000,imu,0.013288,0.000905605,0.146558,-0.0209277,0.0363277,-10.0269,,,
10.4200,imu,0.0131323,0.00121628,0.146279,-0.0153411,0.0380707,-10.0269,,,
10.4400,imu,0.0129621,0.00152209,0.146024,-0.00953391,0.0392661,-10.0269,,,
10.4600,imu,0.0127775,0.00182267,0.145795,-0.00358956,0.0398968,-10.0269,,,
10.4800,imu,0.0125789,0.00211767,0.145592,0.00240642,0.0399536,-10.0269,,,
10.5000,imu,0.0123666,0.00240676,0.145417,0.00836779,0.0394359,-10.0269,,,
10.5200,imu,0.0121408,0.0026896,0.145272,0.0142088,0.0383509,-10.0269,,,
10.5400,imu,0.0119021,0.00296586,0.145157,0.0198455,0.0367143,-10.0269,,,
10.5600,imu,0.0116507,0.00323523,0.145073,0.0251967,0.0345497,-10.0269,,,
10.5800,imu,0.0113871,0.00349739,0.145021,0.0301855,0.0318882,-10.0269,,,
10.6000,imu,0.0111116,0.00375203,0.145,0.0347402,0.028768,-10.0269,,,
10.6200,imu,0.0108248,0.00399888,0.145012,0.0387952,0.025234,-10.0269,,,
10.6400,imu,0.010527,0.00423763,0.145055,0.0422922,0.0213372,-10.0269,,,
10.6600,imu,0.0102189,0.00446802,0.14513,0.045181,0.0171334,-10.0269,,,
10.6800,imu,0.00990072,0.00468978,0.145236,0.0474199,0.0126832,-10.0269,,,
10.7000,imu,0.00957315,0.00490264,0.145373,0.0489768,0.00805061,-10.0269,,,
10.7200,imu,0.00923666,0.00510638,0.145539,0.0498293,0.00330221,-10.0269,,,
10.7400,imu,0.00889179,0.00530074,0.145733,0.0499651,-0.00149368,-10.0269,,,
10.7600,imu,0.0085391,0.00548551,0.145955,0.0493823,-0.00626808,-10.0269,,,
10.7800,imu,0.00817915,0.00566047,0.146203,0.0480892,-0.0109523,-10.0269,,,
10.8000,imu,0.0078125,0.00582542,0.146475,0.0461045,-0.0154791,-10.0269,,,
10.8200,imu,0.00743977,0.00598017,0.14677,0.0434566,-0.0197832,-10.0269,,,
10.8400,imu,0.00706152,0.00612453,0.147085,0.0401838,-0.0238027,-10.0269,,,
10.8600,imu,0.00667838,0.00625836,0.147419,0.0363329,-0.0274799,-10.0269,,,
10.8800,imu,0.00629096,0.00638147,0.14777,0.0319595,-0.0307619,-10.0269,,,
10.9000,imu,0.00589987,0.00649375,0.148135,0.0271265,-0.0336015,-10.0269,,,
10.9200,imu,0.00550574,0.00659505,0.148511,0.0219033,-0.0359577,-10.0269,,,
10.9400,imu,0.0051092,0.00668526,0.148898,0.016365,-0.0377968,-10.0269,,,
10.9600,imu,0.00471089,0.00676428,0.149291,0.0105914,-0.0390923,-10.0269,,,
10.9800,imu,0.00431144,0.00683201,0.149689,0.00466549,-0.0398255,-10.0269,,,
11.0000,imu,0.00391149,0.00688837,0.150089,-0.00132756,-0.0399859,-10.0269,,,
11.0200,imu,0.00351168,0.00693331,0.150488,-0.00730151,-0.0395712,-10.0269,,,
11.0400,imu,0.00311265,0.00696676,0.150884,-0.0131704,-0.0385874,-10.0269,,,
11.0600,imu,0.00271505,0.00698869,0.151274,-0.01885,-0.0370485,-10.0269,,,
11.0800,imu,0.0023195,0.00699908,0.151657,-0.0242584,-0.0349769,-10.0269,,,
11.1000,imu,0.00192664,0.00699791,0.152028,-0.0293179,-0.0324021,-10.0269,,,
11.1200,imu,0.00153709,0.00698518,0.152387,-0.0339557,-0.0293613,-10.0269,,,
11.1400,imu,0.00115149,0.00696091,0.152731,-0.0381051,-0.0258983,-10.0269,,,
11.1600,imu,0.000770438,0.00692513,0.153057,-0.0417065,-0.0220627,-10.0269,,,
11.1800,imu,0.000394557,0.00687788,0.153363,-0.0447081,-0.0179098,-10.0269,,,
11.2000,imu,2.44432e-05,0.0068192,0.153648,-0.0470666,-0.0134993,-10.0269,,,
11.2200,imu,-0.00033931,0.00674918,0.153909,-0.0487481,-0.0088947,-10.0269,,,
11.2400,imu,-0.000696122,0.00666789,0.154146,-0.0497286,-0.00416213,-10.0269,,,
11.2600,imu,-0.00104542,0.00657542,0.154356,-0.0499938,0.000630292,-10.0269,,,
11.2800,imu,-0.00138665,0.00647189,0.154538,-0.04954,0.00541365,-10.0269,,,
11.3000,imu,-0.00171926,0.0063574,0.154692,-0.0483736,0.0101192,-10.0269,,,
11.3200,imu,-0.00204272,0.0062321,0.154815,-0.0465115,0.0146791,-10.0269,,,
11.3400,imu,-0.00235651,0.00609613,0.154907,-0.0439804,0.0190279,-10.0269,,,
11.3600,imu,-0.00266013,0.00594965,0.154968,-0.0408168,0.0231031,-10.0269,,,
11.3800,imu,-0.0029531,0.00579282,0.154997,-0.0370661,0.026846,-10.0269,,,
11.4000,imu,-0.00323495,0.00562582,0.154995,-0.0327823,0.0302027,-10.0269,,,
11.4200,imu,-0.00350522,0.00544886,0.15496,-0.028027,0.0331251,-10.0269,,,
11.4400,imu,-0.00376348,0.00526213,0.154893,-0.0228686,0.035571,-10.0269,,,
11.4600,imu,-0.00400933,0.00506585,0.154796,-0.0173813,0.0375053,-10.0269,,,
11.4800,imu,-0.00424236,0.00486025,0.154667,-0.011644,0.0389002,-10.0269,,,
11.5000,imu,-0.0044622,0.00464556,0.154509,-0.00573924,0.0397356,-10.0269,,,
11.5200,imu,-0.00466851,0.00442203,0.154322,0.00024808,0.0399995,-10.0269,,,
11.5400,imu,-0.00486095,0.00418993,0.154107,0.00623183,0.0396881,-10.0269,,,
11.5600,imu,-0.00503922,0.00394951,0.153866,0.012126,0.0388059,-10.0269,,,
11.5800,imu,-0.00520302,0.00370106,0.1536,0.0178457,0.0373655,-10.0269,,,
11.6000,imu,-0.0053521,0.00344487,0.153312,0.0233087,0.0353877,-10.0269,,,
11.6200,imu,-0.00548622,0.00318123,0.153002,0.0284365,0.032901,-10.0269,,,
11.6400,imu,-0.00560516,0.00291044,0.152672,0.0331553,0.029941,-10.0269,,,
11.6600,imu,-0.00570874,0.00263282,0.152326,0.0373973,0.0265504,-10.0269,,,
11.6800,imu,-0.00579678,0.00234869,0.151965,0.0411014,0.0227779,-10.0269,,,
11.7000,imu,-0.00586916,0.00205837,0.151591,0.0442143,0.0186779,-10.0269,,,
11.7200,imu,-0.00592574,0.00176221,0.151207,0.0466913,0.0143092,-10.0269,,,
11.7400,imu,-0.00596644,0.00146055,0.150816,0.0484967,0.00973464,-10.0269,,,
11.7600,imu,-0.0059912,0.00115372,0.150419,0.0496047,0.00502012,-10.0269,,,
11.7800,imu,-0.00599998,0.000842102,0.150019,0.0499991,0.000233387,-10.0269,,,
11.8000,imu,-0.00599276,0.000526039,0.14962,0.0496745,-0.0045567,-10.0269,,,
11.8200,imu,-0.00596955,0.0002059,0.149223,0.0486354,-0.00928125,-10.0269,,,
11.8400,imu,-0.0059304,-0.000117945,0.14883,0.0468968,-0.0138723,-10.0269,,,
11.8600,imu,-0.00587535,-0.000445122,0.148446,0.0444837,-0.0182638,-10.0269,,,
11.8800,imu,-0.00580451,-0.000775251,0.148071,0.0414308,-0.0223927,-10.0269,,,
11.9000,imu,-0.00571798,-0.00110795,0.147708,0.037782,-0.0261995,-10.0269,,,
11.9200,imu,-0.00561591,-0.00144284,0.147361,0.0335898,-0.0296294,-10.0269,,,
11.9400,imu,-0.00549845,-0.00177953,0.14703,0.0289145,-0.0326333,-10.0269,,,
11.9600,imu,-0.0053658,-0.00211763,0.146718,0.0238233,-0.0351677,-10.0269,,,
11.9800,imu,-0.00521817,-0.00245675,0.146427,0.0183895,-0.0371964,-10.0269,,,
12.0000,imu,-0.00505578,-0.00279649,0.146159,0.0126912,-0.03869,-10.0269,,,
12.0200,imu,-0.00487891,-0.00313647,0.145915,0.00681032,-0.0396272,-10.0269,,,
12.0400,imu,-0.00468784,-0.0034763,0.145698,0.000831513,-0.0399945,-10.0269,,,
12.0600,imu,-0.00448287,-0.00381557,0.145508,-0.00515925,-0.0397865,-10.0269,,,
12.0800,imu,-0.00426432,-0.0041539,0.145347,-0.0110758,-0.0390063,-10.0269,,,
12.1000,imu,-0.00403256,-0.0044909,0.145216,-0.0168331,-0.037665,-10.0269,,,
12.1200,imu,-0.00378794,-0.00482617,0.145115,-0.0223482,-0.0357821,-10.0269,,,
12.1400,imu,-0.00353087,-0.00515933,0.145045,-0.0275419,-0.0333845,-10.0269,,,
12.1600,imu,-0.00326175,-0.00549,0.145007,-0.0323395,-0.0305067,-10.0269,,,
12.1800,imu,-0.00298101,-0.00581779,0.145002,-0.036672,-0.0271902,-10.0269,,,
12.2000,imu,-0.0026891,-0.00614232,0.145028,-0.040477,-0.0234826,-10.0269,,,
12.2200,imu,-0.00238649,-0.00646322,0.145086,-0.0436999,-0.0194372,-10.0269,,,
12.2400,imu,-0.00207366,-0.00678012,0.145175,-0.0462942,-0.0151123,-10.0269,,,
12.2600,imu,-0.00175112,-0.00709264,0.145295,-0.0482227,-0.01057,-10.0269,,,
12.2800,imu,-0.00141938,-0.00740044,0.145445,-0.0494576,-0.00587576,-10.0269,,,
12.3000,imu,-0.00107897,-0.00770315,0.145625,-0.0499812,-0.00109696,-10.0269,,,
12.3200,imu,-0.000730428,-0.00800042,0.145832,-0.0497859,0.00369762,-10.0269,,,
12.3400,imu,-0.000374322,-0.00829192,0.146066,-0.0488746,0.00843901,-10.0269,,,
12.3600,imu,-1.12187e-05,-0.00857729,0.146326,-0.0472603,0.013059,-10.0269,,,
12.3800,imu,0.000358302,-0.00885622,0.146608,-0.0449663,0.0174912,-10.0269,,,
12.4000,imu,0.000733649,-0.00912839,0.146913,-0.0420255,0.0216718,-10.0269,,,
12.4200,imu,0.00111422,-0.00939346,0.147237,-0.0384803,0.0255408,-10.0269,,,
12.4400,imu,0.00149941,-0.00965115,0.147579,-0.0343816,0.0290423,-10.0269,,,
12.4600,imu,0.0018886,-0.00990115,0.147936,-0.0297885,0.0321262,-10.0269,,,
12.4800,imu,0.00228117,-0.0101432,0.148307,-0.0247669,0.034748,-10.0269,,,
12.5000,imu,0.00267648,-0.0103769,0.148688,-0.0193891,0.0368701,-10.0269,,,
12.5200,imu,0.00307392,-0.0106022,0.149078,-0.0137324,0.0384618,-10.0269,,,
12.5400,imu,0.00347283,-0.0108186,0.149474,-0.00787822,0.0395003,-10.0269,,,
12.5600,imu,0.00387259,-0.011026,0.149873,-0.00191072,0.0399708,-10.0269,,,
12.5800,imu,0.00427255,-0.0112242,0.150272,0.00408426,0.0398663,-10.0269,,,
12.6000,imu,0.00467208,-0.0114128,0.150671,0.0100205,0.0391885,-10.0269,,,
12.6200,imu,0.00507053,-0.0115917,0.151064,0.0158126,0.037947,-10.0269,,,
12.6400,imu,0.00546727,-0.0117607,0.151451,0.0213773,0.0361597,-10.0269,,,
12.6600,imu,0.00586166,-0.0119195,0.151829,0.0266345,0.0338524,-10.0269,,,
12.6800,imu,0.00625308,-0.0120681,0.152195,0.0315087,0.0310582,-10.0269,,,
12.7000,imu,0.00664089,-0.0122061,0.152547,0.0359296,0.0278173,-10.0269,,,
12.7200,imu,0.00702447,-0.0123335,0.152883,0.0398338,0.0241762,-10.0269,,,
12.7400,imu,0.00740321,-0.0124502,0.1532,0.0431651,0.0201875,-10.0269,,,
12.7600,imu,0.00777652,-0.0125559,0.153497,0.0458756,0.0159084,-10.0269,,,
12.7800,imu,0.00814378,-0.0126505,0.153771,0.0479262,0.0114005,-10.0269,,,
12.8000,imu,0.00850441,-0.012734,0.154022,0.0492875,0.00672866,-10.0269,,,
12.8200,imu,0.00885783,-0.0128063,0.154246,0.0499399,0.00196002,-10.0269,,,
12.8400,imu,0.00920348,-0.0128672,0.154444,0.0498741,-0.00283682,-10.0269,,,
12.8600,imu,0.00954081,-0.0129167,0.154613,0.0490909,-0.00759285,-10.0269,,,
12.8800,imu,0.00986928,-0.0129548,0.154752,0.0476017,-0.0122397,-10.0269,,,
12.9000,imu,0.0101884,-0.0129813,0.154861,0.0454278,-0.0167105,-10.0269,,,
12.9200,imu,0.0104975,-0.0129963,0.154939,0.0426006,-0.0209409,-10.0269,,,
12.9400,imu,0.0107963,-0.0129998,0.154985,0.0391606,-0.0248702,-10.0269,,,
12.9600,imu,0.0110842,-0.0129917,0.155,0.0351574,-0.0284417,-10.0269,,,
12.9800,imu,0.0113608,-0.012972,0.154982,0.0306486,-0.0316042,-10.0269,,,
13.0000,imu,0.0116256,-0.0129408,0.154933,0.0256989,-0.0343121,-10.0269,,,
13.0200,imu,0.0118782,-0.0128981,0.154852,0.0203796,-0.0365266,-10.0269,,,
13.0400,imu,0.0121182,-0.012844,0.15474,0.0147672,-0.0382156,-10.0269,,,
13.0600,imu,0.0123452,-0.0127785,0.154598,0.00894244,-0.0393551,-10.0269,,,
13.0800,imu,0.0125588,-0.0127017,0.154426,0.00298903,-0.0399285,-10.0269,,,
13.1000,imu,0.0127588,-0.0126137,0.154226,-0.00300737,-0.0399276,-10.0269,,,
13.1200,imu,0.0129448,-0.0125146,0.153999,-0.00896051,-0.0393524,-10.0269,,,
13.1400,imu,0.0131164,-0.0124045,0.153747,-0.0147848,-0.0382113,-10.0269,,,
13.1600,imu,0.0132735,-0.0122835,0.15347,-0.0203964,-0.0365206,-10.0269,,,
13.1800,imu,0.0134157,-0.0121518,0.153171,-0.0257147,-0.0343046,-10.0269,,,
13.2000,imu,0.0135429,-0.0120095,0.152852,-0.0306631,-0.0315952,-10.0269,,,
13.2200,imu,0.0136547,-0.0118567,0.152515,-0.0351705,-0.0284314,-10.0269,,,
13.2400,imu,0.0137512,-0.0116938,0.152162,-0.0391721,-0.0248586,-10.0269,,,
13.2600,imu,0.013832,-0.0115208,0.151794,-0.0426102,-0.0209284,-10.0269,,,
13.2800,imu,0.0138972,-0.0113379,0.151416,-0.0454355,-0.0166971,-10.0269,,,
13.3000,imu,0.0139464,-0.0111455,0.151028,-0.0476073,-0.0122257,-10.0269,,,
13.3200,imu,0.0139798,-0.0109435,0.150634,-0.0490944,-0.00757842,-10.0269,,,
13.3400,imu,0.0139972,-0.0107325,0.150235,-0.0498754,-0.00282216,-10.0269,,,
13.3600,imu,0.0139986,-0.0105124,0.149835,-0.049939,0.00197469,-10.0269,,,
13.3800,imu,0.0139841,-0.0102837,0.149437,-0.0492844,0.00674314,-10.0269,,,
13.4000,imu,0.0139535,-0.0100466,0.149041,-0.0479209,0.0114146,-10.0269,,,
13.4200,imu,0.013907,-0.00980134,0.148652,-0.0458682,0.0159219,-10.0269,,,
13.4400,imu,0.0138447,-0.0095482,0.148272,-0.0431558,0.0202002,-10.0269,,,
13.4600,imu,0.0137666,-0.0092875,0.147902,-0.0398227,0.0241879,-10.0269,,,
13.4800,imu,0.0136729,-0.00901953,0.147546,-0.0359169,0.0278278,-10.0269,,,
13.5000,imu,0.0135638,-0.00874461,0.147206,-0.0314944,0.0310674,-10.0269,,,
13.5200,imu,0.0134393,-0.00846304,0.146884,-0.026619,0.0338602,-10.0269,,,
13.5400,imu,0.0132997,-0.00817516,0.146581,-0.0213607,0.036166,-10.0269,,,
13.5600,imu,0.0131453,-0.00788129,0.1463,-0.0157952,0.0379517,-10.0269,,,
13.5800,imu,0.0129762,-0.00758179,0.146044,-0.0100025,0.0391914,-10.0269,,,
13.6000,imu,0.0127927,-0.00727698,0.145812,-0.00406596,0.0398675,-10.0269,,,
13.6200,imu,0.0125952,-0.00696724,0.145607,0.00192907,0.0399702,-10.0269,,,
13.6400,imu,0.012384,-0.00665291,0.14543,0.00789635,0.039498,-10.0269,,,
13.6600,imu,0.0121593,-0.00633435,0.145283,0.0137501,0.0384578,-10.0269,,,
13.6800,imu,0.0119216,-0.00601194,0.145165,0.019406,0.0368644,-10.0269,,,
13.7000,imu,0.0116712,-0.00568605,0.145079,0.0247828,0.0347407,-10.0269,,,
13.7200,imu,0.0114085,-0.00535706,0.145024,0.0298032,0.0321175,-10.0269,,,
13.7400,imu,0.011134,-0.00502534,0.145001,0.034395,0.0290322,-10.0269,,,
13.7600,imu,0.010848,-0.00469128,0.14501,0.038492,0.0255295,-10.0269,,,
13.7800,imu,0.0105511,-0.00435527,0.14505,0.0420354,0.0216595,-10.0269,,,
13.8000,imu,0.0102438,-0.00401768,0.145123,0.0449743,0.017478,-10.0269,,,
13.8200,imu,0.00992641,-0.00367893,0.145226,0.0472663,0.0130451,-10.0269,,,
13.8400,imu,0.00959957,-0.00333938,0.145361,0.0488784,0.00842465,-10.0269,,,
13.8600,imu,0.00926377,-0.00299945,0.145524,0.0497876,0.00368299,-10.0269,,,
13.8800,imu,0.00891955,-0.00265951,0.145717,0.0499807,-0.00111164,-10.0269,,,
13.9000,imu,0.00856746,-0.00231997,0.145937,0.0494549,-0.00589029,-10.0269,,,
13.9200,imu,0.00820806,-0.00198122,0.146183,0.0482178,-0.0105842,-10.0269,,,
13.9400,imu,0.00784193,-0.00164364,0.146453,0.0462873,-0.0151259,-10.0269,,,
13.9600,imu,0.00746966,-0.00130763,0.146746,0.0436909,-0.0194501,-10.0269,,,
13.9800,imu,0.00709183,-0.00097358,0.14706,0.0404662,-0.0234945,-10.0269,,,
